[{"model": "auth.permission", "pk": 1, "fields": {"name": "Can add log entry", "content_type": 1, "codename": "add_logentry"}}, {"model": "auth.permission", "pk": 2, "fields": {"name": "Can change log entry", "content_type": 1, "codename": "change_logentry"}}, {"model": "auth.permission", "pk": 3, "fields": {"name": "Can delete log entry", "content_type": 1, "codename": "delete_logentry"}}, {"model": "auth.permission", "pk": 4, "fields": {"name": "Can view log entry", "content_type": 1, "codename": "view_logentry"}}, {"model": "auth.permission", "pk": 5, "fields": {"name": "Can add permission", "content_type": 2, "codename": "add_permission"}}, {"model": "auth.permission", "pk": 6, "fields": {"name": "Can change permission", "content_type": 2, "codename": "change_permission"}}, {"model": "auth.permission", "pk": 7, "fields": {"name": "Can delete permission", "content_type": 2, "codename": "delete_permission"}}, {"model": "auth.permission", "pk": 8, "fields": {"name": "Can view permission", "content_type": 2, "codename": "view_permission"}}, {"model": "auth.permission", "pk": 9, "fields": {"name": "Can add group", "content_type": 3, "codename": "add_group"}}, {"model": "auth.permission", "pk": 10, "fields": {"name": "Can change group", "content_type": 3, "codename": "change_group"}}, {"model": "auth.permission", "pk": 11, "fields": {"name": "Can delete group", "content_type": 3, "codename": "delete_group"}}, {"model": "auth.permission", "pk": 12, "fields": {"name": "Can view group", "content_type": 3, "codename": "view_group"}}, {"model": "auth.permission", "pk": 13, "fields": {"name": "Can add content type", "content_type": 4, "codename": "add_contenttype"}}, {"model": "auth.permission", "pk": 14, "fields": {"name": "Can change content type", "content_type": 4, "codename": "change_contenttype"}}, {"model": "auth.permission", "pk": 15, "fields": {"name": "Can delete content type", "content_type": 4, "codename": "delete_contenttype"}}, {"model": "auth.permission", "pk": 16, "fields": {"name": "Can view content type", "content_type": 4, "codename": "view_contenttype"}}, {"model": "auth.permission", "pk": 17, "fields": {"name": "Can add session", "content_type": 5, "codename": "add_session"}}, {"model": "auth.permission", "pk": 18, "fields": {"name": "Can change session", "content_type": 5, "codename": "change_session"}}, {"model": "auth.permission", "pk": 19, "fields": {"name": "Can delete session", "content_type": 5, "codename": "delete_session"}}, {"model": "auth.permission", "pk": 20, "fields": {"name": "Can view session", "content_type": 5, "codename": "view_session"}}, {"model": "auth.permission", "pk": 21, "fields": {"name": "Can add Пользователь", "content_type": 6, "codename": "add_customuser"}}, {"model": "auth.permission", "pk": 22, "fields": {"name": "Can change Пользователь", "content_type": 6, "codename": "change_customuser"}}, {"model": "auth.permission", "pk": 23, "fields": {"name": "Can delete Пользователь", "content_type": 6, "codename": "delete_customuser"}}, {"model": "auth.permission", "pk": 24, "fields": {"name": "Can view Пользователь", "content_type": 6, "codename": "view_customuser"}}, {"model": "auth.permission", "pk": 25, "fields": {"name": "Can add customuser", "content_type": 6, "codename": "workingtime.add_customuser"}}, {"model": "auth.permission", "pk": 26, "fields": {"name": "Can change customuser", "content_type": 6, "codename": "workingtime.change_customuser"}}, {"model": "auth.permission", "pk": 27, "fields": {"name": "Can delete customuser", "content_type": 6, "codename": "workingtime.delete_customuser"}}, {"model": "auth.permission", "pk": 28, "fields": {"name": "Can view customuser", "content_type": 6, "codename": "workingtime.view_customuser"}}, {"model": "auth.permission", "pk": 29, "fields": {"name": "Can add employee", "content_type": 7, "codename": "add_employee"}}, {"model": "auth.permission", "pk": 30, "fields": {"name": "Can change employee", "content_type": 7, "codename": "change_employee"}}, {"model": "auth.permission", "pk": 31, "fields": {"name": "Can delete employee", "content_type": 7, "codename": "delete_employee"}}, {"model": "auth.permission", "pk": 32, "fields": {"name": "Can view employee", "content_type": 7, "codename": "view_employee"}}, {"model": "auth.permission", "pk": 33, "fields": {"name": "Can add timesheet", "content_type": 8, "codename": "add_timesheet"}}, {"model": "auth.permission", "pk": 34, "fields": {"name": "Can change timesheet", "content_type": 8, "codename": "change_timesheet"}}, {"model": "auth.permission", "pk": 35, "fields": {"name": "Can delete timesheet", "content_type": 8, "codename": "delete_timesheet"}}, {"model": "auth.permission", "pk": 36, "fields": {"name": "Can view timesheet", "content_type": 8, "codename": "view_timesheet"}}, {"model": "auth.permission", "pk": 37, "fields": {"name": "Can add work time", "content_type": 9, "codename": "add_worktime"}}, {"model": "auth.permission", "pk": 38, "fields": {"name": "Can change work time", "content_type": 9, "codename": "change_worktime"}}, {"model": "auth.permission", "pk": 39, "fields": {"name": "Can delete work time", "content_type": 9, "codename": "delete_worktime"}}, {"model": "auth.permission", "pk": 40, "fields": {"name": "Can view work time", "content_type": 9, "codename": "view_worktime"}}, {"model": "auth.permission", "pk": 41, "fields": {"name": "Can add employer", "content_type": 10, "codename": "add_employer"}}, {"model": "auth.permission", "pk": 42, "fields": {"name": "Can change employer", "content_type": 10, "codename": "change_employer"}}, {"model": "auth.permission", "pk": 43, "fields": {"name": "Can delete employer", "content_type": 10, "codename": "delete_employer"}}, {"model": "auth.permission", "pk": 44, "fields": {"name": "Can view employer", "content_type": 10, "codename": "view_employer"}}, {"model": "contenttypes.contenttype", "pk": 1, "fields": {"app_label": "admin", "model": "logentry"}}, {"model": "contenttypes.contenttype", "pk": 2, "fields": {"app_label": "auth", "model": "permission"}}, {"model": "contenttypes.contenttype", "pk": 3, "fields": {"app_label": "auth", "model": "group"}}, {"model": "contenttypes.contenttype", "pk": 4, "fields": {"app_label": "contenttypes", "model": "contenttype"}}, {"model": "contenttypes.contenttype", "pk": 5, "fields": {"app_label": "sessions", "model": "session"}}, {"model": "contenttypes.contenttype", "pk": 6, "fields": {"app_label": "workingtime", "model": "customuser"}}, {"model": "contenttypes.contenttype", "pk": 7, "fields": {"app_label": "workingtime", "model": "employee"}}, {"model": "contenttypes.contenttype", "pk": 8, "fields": {"app_label": "workingtime", "model": "timesheet"}}, {"model": "contenttypes.contenttype", "pk": 9, "fields": {"app_label": "workingtime", "model": "worktime"}}, {"model": "contenttypes.contenttype", "pk": 10, "fields": {"app_label": "workingtime", "model": "employer"}}, {"model": "sessions.session", "pk": "nm610mvvyzj7zvwv2mcbd80rlf10tr9c", "fields": {"session_data": ".eJxVjMsOwiAQRf-FtSEd3rh07zeQAUapGkhKuzL-uzTpQrfnnHvfLOC2lrB1WsKc2ZkBO_2yiOlJdRf5gfXeeGp1XebI94QftvNry_S6HO3fQcFexlrpLKZJo7aOXEoqSSBwykqrpRzcCjswRYhgxEjMbTANCj14A-jZ5wu5rDa2:1qTdrU:1OWTuRbIJ_qCPOwaMko4ny_GaXG-xfwOZ0kmc5S6FGk", "expire_date": "2023-08-23T07:44:08.161Z"}}, {"model": "workingtime.customuser", "pk": 1, "fields": {"password": "pbkdf2_sha256$600000$afaqK0DAOC2JgCfzr5l6sd$Z0e9sK9XPUKMKT5wN4HGq+5rCqIopkF7WxOeOcFOZaU=", "last_login": "2023-08-09T07:44:08.119Z", "is_superuser": true, "email": "andreymazo@mail.ru", "full_name": "Andr Andr", "is_staff": true, "is_admin": true, "is_active": true, "date_joined": "2023-08-09T06:13:01.298Z", "groups": [], "user_permissions": []}}, {"model": "workingtime.customuser", "pk": 2, "fields": {"password": "pbkdf2_sha256$600000$sme2zutk6KZLZrqYa7Axpl$QzZIOv+XsjtOM6F4y7l+EYRG+CpML8urdT1wn8BN+HQ=", "last_login": "2023-08-09T06:29:02.343Z", "is_superuser": false, "email": "george@mom.ru", "full_name": "Geog Georg", "is_staff": false, "is_admin": false, "is_active": true, "date_joined": "2023-08-09T06:13:14.687Z", "groups": [], "user_permissions": []}}, {"model": "workingtime.customuser", "pk": 3, "fields": {"password": "pbkdf2_sha256$600000$f2UFxNfMo5J3199lLJyQgU$F7KHAf7Z0r8HaaQX6y83Cp7pQEAoIjMiioabqtFR16o=", "last_login": null, "is_superuser": false, "email": "maxim@mom.ru", "full_name": "Max Max", "is_staff": false, "is_admin": false, "is_active": true, "date_joined": "2023-08-09T06:13:14.845Z", "groups": [], "user_permissions": []}}, {"model": "workingtime.customuser", "pk": 4, "fields": {"password": "pbkdf2_sha256$600000$IeXAkNz3hSKoBfqopnFbei$fuPvziJoNcPa1V04ns6P3wd0uE4PQNcT6gmLLUBUFrk=", "last_login": null, "is_superuser": false, "email": "vasia@mom.ru", "full_name": "Vas Vas", "is_staff": false, "is_admin": false, "is_active": true, "date_joined": "2023-08-09T06:13:14.991Z", "groups": [], "user_permissions": []}}, {"model": "workingtime.customuser", "pk": 5, "fields": {"password": "qwert123asd", "last_login": null, "is_superuser": false, "email": "q221w@qw.ru2223333", "full_name": "KrrrKrrrr", "is_staff": false, "is_admin": false, "is_active": true, "date_joined": "2023-08-09T06:39:18.965Z", "groups": [], "user_permissions": []}}, {"model": "workingtime.employer", "pk": 1, "fields": {"customuser": 1, "name": "Вася", "joined": "2023-08-09T06:13:10.777Z"}}, {"model": "workingtime.employee", "pk": 1, "fields": {"customuser": 2, "employer": 1, "name": "Георгий", "engaged": "2023-08-09T06:13:15.137Z"}}, {"model": "workingtime.employee", "pk": 2, "fields": {"customuser": 3, "employer": 1, "name": "Максим", "engaged": "2023-08-09T06:13:15.145Z"}}, {"model": "workingtime.employee", "pk": 3, "fields": {"customuser": 4, "employer": 1, "name": "Вася", "engaged": "2023-08-09T06:13:15.156Z"}}, {"model": "workingtime.employee", "pk": 4, "fields": {"customuser": 5, "employer": 1, "name": "One more employee", "engaged": "2023-08-09T06:38:34Z"}}, {"model": "workingtime.timesheet", "pk": 1, "fields": {"status_work": true, "employee": 1, "date": "2023-08-09", "entry": "09:00:00", "lunch": "09:52:01.549", "out": "18:00:00"}}, {"model": "workingtime.timesheet", "pk": 2, "fields": {"status_work": false, "employee": 1, "date": "2023-08-10", "entry": "09:00:00", "lunch": "10:49:13.554", "out": "18:00:00"}}, {"model": "workingtime.timesheet", "pk": 3, "fields": {"status_work": false, "employee": 1, "date": "2023-08-11", "entry": "09:00:00", "lunch": "10:49:13.594", "out": "18:00:00"}}, {"model": "workingtime.timesheet", "pk": 4, "fields": {"status_work": false, "employee": 1, "date": "2023-08-12", "entry": "09:00:00", "lunch": "10:49:13.638", "out": "18:00:00"}}, {"model": "workingtime.timesheet", "pk": 5, "fields": {"status_work": false, "employee": 3, "date": "2023-08-10", "entry": "09:00:00", "lunch": "10:49:13.682", "out": "18:00:00"}}, {"model": "workingtime.timesheet", "pk": 6, "fields": {"status_work": false, "employee": 3, "date": "2023-08-11", "entry": "09:00:00", "lunch": "10:49:13.725", "out": "18:00:00"}}, {"model": "workingtime.timesheet", "pk": 7, "fields": {"status_work": false, "employee": 3, "date": "2023-08-12", "entry": "09:00:00", "lunch": "10:49:13.770", "out": "18:00:00"}}, {"model": "workingtime.worktime", "pk": 3, "fields": {"timesheet": null, "work_safe_sheets": null, "status_work_wt": null}}, {"model": "workingtime.worktime", "pk": 4, "fields": {"timesheet": 1, "work_safe_sheets": "09:17:55.540", "status_work_wt": null}}, {"model": "workingtime.worktime", "pk": 5, "fields": {"timesheet": 1, "work_safe_sheets": "09:20:35.312", "status_work_wt": true}}, {"model": "workingtime.worktime", "pk": 6, "fields": {"timesheet": 1, "work_safe_sheets": "09:20:53.842", "status_work_wt": false}}, {"model": "workingtime.worktime", "pk": 7, "fields": {"timesheet": 1, "work_safe_sheets": "09:21:21.626", "status_work_wt": true}}, {"model": "workingtime.worktime", "pk": 8, "fields": {"timesheet": 1, "work_safe_sheets": "09:21:39.420", "status_work_wt": false}}, {"model": "workingtime.worktime", "pk": 9, "fields": {"timesheet": 1, "work_safe_sheets": "09:21:40.661", "status_work_wt": false}}, {"model": "workingtime.worktime", "pk": 10, "fields": {"timesheet": 1, "work_safe_sheets": "09:21:45.107", "status_work_wt": true}}, {"model": "workingtime.worktime", "pk": 11, "fields": {"timesheet": 1, "work_safe_sheets": "09:50:26.919", "status_work_wt": true}}, {"model": "workingtime.worktime", "pk": 12, "fields": {"timesheet": 1, "work_safe_sheets": "09:51:47.214", "status_work_wt": false}}, {"model": "workingtime.worktime", "pk": 13, "fields": {"timesheet": 1, "work_safe_sheets": "09:52:01.545", "status_work_wt": true}}, {"model": "workingtime.worktime", "pk": 14, "fields": {"timesheet": null, "work_safe_sheets": "10:49:13.537", "status_work_wt": false}}, {"model": "workingtime.worktime", "pk": 15, "fields": {"timesheet": 2, "work_safe_sheets": "10:49:13.550", "status_work_wt": false}}, {"model": "workingtime.worktime", "pk": 16, "fields": {"timesheet": null, "work_safe_sheets": "10:49:13.568", "status_work_wt": false}}, {"model": "workingtime.worktime", "pk": 17, "fields": {"timesheet": 3, "work_safe_sheets": "10:49:13.588", "status_work_wt": false}}, {"model": "workingtime.worktime", "pk": 18, "fields": {"timesheet": null, "work_safe_sheets": "10:49:13.612", "status_work_wt": false}}, {"model": "workingtime.worktime", "pk": 19, "fields": {"timesheet": 4, "work_safe_sheets": "10:49:13.632", "status_work_wt": false}}, {"model": "workingtime.worktime", "pk": 20, "fields": {"timesheet": null, "work_safe_sheets": "10:49:13.656", "status_work_wt": false}}, {"model": "workingtime.worktime", "pk": 21, "fields": {"timesheet": 5, "work_safe_sheets": "10:49:13.676", "status_work_wt": false}}, {"model": "workingtime.worktime", "pk": 22, "fields": {"timesheet": null, "work_safe_sheets": "10:49:13.700", "status_work_wt": false}}, {"model": "workingtime.worktime", "pk": 23, "fields": {"timesheet": 6, "work_safe_sheets": "10:49:13.719", "status_work_wt": false}}, {"model": "workingtime.worktime", "pk": 24, "fields": {"timesheet": null, "work_safe_sheets": "10:49:13.744", "status_work_wt": false}}, {"model": "workingtime.worktime", "pk": 25, "fields": {"timesheet": 7, "work_safe_sheets": "10:49:13.764", "status_work_wt": false}}]